{
    "total_rows": 52514,
    "missing_rows": 205,
    "missing_percentage": 0.0039037209125185666,
    "total_unique": 6116,
    "missing_unique": 49,
    "missing_unique_percentage": 0.008011772400261609,
    "missing": [
        "ETF12641",
        "H6WET3",
        "JN665070",
        "Q6PFW1",
        "WP_028494267",
        "ETF12584",
        "Q9VF36",
        "Q83XD3",
        "JN019031",
        "A0A0U1YLU5",
        "AKQ74236",
        "AJ242654",
        "Q5JRX3",
        "WP_017726464.1",
        "BBE36490",
        "D9TH31",
        "JN019030",
        "Q9UQ49",
        "CDJ91018",
        "Q14376",
        "p37564",
        "AM180355",
        "A0QY29",
        "O29057",
        "AB009494",
        "HW429890",
        "G7H7Y1",
        "P05659",
        "Ax203843.1",
        "KT943909",
        "JT020910",
        "Q9LX12",
        "Q9L6V3",
        "KJ159967",
        "P29952",
        "KC333624",
        "Q4FQF7",
        "PNT94038.1",
        "AAE85601",
        "Q5LRT0",
        "ANI02794.1",
        "O87875",
        "WP_094046414.1",
        "KM873028",
        "O67636",
        "Q331Q6",
        "P0C882",
        "AM283040",
        "AJH12524"
    ]
}